Name,Age,Address
Olivia Smith,43,"Main St 12, Houston PA 26907"
William Davis,35,"Park Ave 5, Chicago TX 78965"
Olivia Williams,69,"Main St 90, Houston NY 74146"
John Davis,87,"Wall St 93, New York IL 21137"
Michael Johnson,68,"Main St 11, Philadelphia CA 33471"
William Smith,41,"Broadway 59, New York NY 50440"
William Smith,99,"Park Ave 81, Los Angeles TX 46723"
Olivia Smith,90,"Wall St 33, New York NY 97972"
John Johnson,91,"Broadway 31, Houston TX 74599"
John Smith,91,"Park Ave 49, Los Angeles PA 66880"
Sarah Davis,49,"Wall St 67, Los Angeles TX 75034"
Michael Williams,38,"Wall St 6, Houston CA 19831"
Olivia Smith,20,"Park Ave 85, Philadelphia TX 47466"
William Davis,60,"Park Ave 45, Los Angeles PA 13074"
Sarah Jones,23,"Park Ave 65, Philadelphia PA 24788"
Olivia Williams,72,"5th Ave 83, Chicago CA 15074"
Sarah Jones,87,"Main St 37, New York TX 32190"
William Brown,22,"Broadway 58, Houston CA 18519"
John Williams,62,"Main St 48, New York CA 60240"
Olivia Davis,97,"Wall St 16, Houston IL 84494"
Michael Smith,88,"Park Ave 52, New York NY 78013"
Michael Johnson,45,"Wall St 4, Philadelphia CA 48898"
Olivia Johnson,58,"Park Ave 13, Chicago CA 67934"
Emily Johnson,66,"5th Ave 68, Los Angeles TX 35280"
William Davis,50,"Main St 31, Houston CA 60873"
Sarah Williams,56,"5th Ave 64, Los Angeles NY 28278"
Michael Smith,18,"Park Ave 57, Houston TX 19913"
Michael Brown,88,"Wall St 15, New York CA 92737"
Sarah Jones,55,"Wall St 23, Chicago TX 42933"
Emily Davis,51,"Broadway 70, Philadelphia TX 12519"
Michael Brown,94,"Park Ave 48, New York TX 59198"
Michael Davis,84,"5th Ave 1, Houston TX 40649"
Emily Williams,49,"Park Ave 60, Los Angeles PA 13769"
Emily Brown,98,"Broadway 56, Philadelphia TX 57075"
John Davis,23,"Park Ave 2, Los Angeles CA 50102"
William Johnson,53,"Main St 25, New York NY 44201"
Olivia Johnson,39,"Wall St 47, Chicago CA 69031"
Sarah Davis,86,"Wall St 53, New York TX 66054"
Emily Jones,33,"Wall St 4, New York IL 69852"
John Williams,64,"Park Ave 52, Los Angeles PA 43265"
John Brown,52,"Park Ave 38, Chicago PA 36072"
William Smith,70,"Main St 16, Chicago CA 41071"
Olivia Johnson,69,"Broadway 84, Houston TX 63259"
Michael Brown,24,"Park Ave 23, New York CA 94146"
Olivia Jones,80,"Park Ave 20, Chicago NY 55551"
Michael Smith,68,"Wall St 50, New York NY 31357"
Sarah Smith,58,"Main St 49, Chicago NY 68616"
John Smith,54,"Broadway 24, Houston PA 49770"
John Smith,24,"Broadway 74, Los Angeles IL 31679"
Michael Brown,91,"5th Ave 19, Chicago NY 28000"
John Davis,82,"5th Ave 11, New York IL 21925"
Olivia Brown,77,"Wall St 51, Los Angeles CA 97046"
Olivia Williams,73,"Main St 95, Houston TX 60738"
John Johnson,91,"Broadway 74, Houston IL 32346"
Emily Davis,21,"Wall St 58, Los Angeles IL 84645"
Olivia Johnson,44,"5th Ave 48, Chicago IL 10447"
Michael Smith,28,"Park Ave 9, Los Angeles TX 11547"
William Jones,27,"5th Ave 72, Houston TX 90863"
Sarah Brown,35,"Broadway 95, Philadelphia IL 48029"
Sarah Williams,44,"5th Ave 60, Philadelphia PA 91088"
William Davis,43,"Broadway 96, Houston IL 21710"
Olivia Brown,66,"Park Ave 40, Chicago IL 57258"
Emily Williams,79,"5th Ave 7, Los Angeles CA 44569"
Sarah Williams,95,"Broadway 76, New York IL 83869"
William Davis,80,"Broadway 48, Los Angeles CA 56696"
Sarah Williams,26,"Broadway 34, Chicago IL 92888"
Emily Brown,59,"Broadway 10, Los Angeles PA 44565"
John Davis,86,"Wall St 30, Philadelphia CA 92187"
William Davis,87,"Park Ave 51, Philadelphia NY 80623"
Olivia Brown,54,"Wall St 76, Chicago TX 37683"
William Davis,24,"Park Ave 66, Los Angeles NY 53868"
Olivia Davis,81,"Main St 78, New York TX 28054"
Michael Davis,27,"Main St 20, Chicago CA 48350"
Sarah Smith,74,"Main St 20, Los Angeles NY 67391"
John Davis,84,"Park Ave 81, Houston PA 15406"
Olivia Johnson,62,"Broadway 78, Los Angeles TX 11035"
Olivia Brown,87,"Wall St 49, Houston NY 42294"
Sarah Davis,43,"Broadway 72, Chicago CA 91598"
Olivia Jones,86,"Broadway 77, Los Angeles PA 28263"
Michael Smith,53,"Broadway 5, Los Angeles NY 32275"
John Davis,84,"Wall St 58, Philadelphia IL 47931"
Olivia Brown,91,"5th Ave 29, Los Angeles IL 66066"
William Brown,63,"Wall St 79, Houston PA 61890"
John Johnson,44,"Park Ave 59, Chicago PA 98037"
William Brown,81,"5th Ave 72, Chicago TX 59919"
John Davis,31,"Main St 90, New York TX 35646"
Michael Williams,50,"Main St 49, Houston CA 49143"
William Brown,20,"Main St 32, Chicago TX 25995"
Emily Davis,65,"Wall St 40, Los Angeles TX 33982"
John Brown,91,"5th Ave 61, New York TX 34197"
Emily Brown,79,"Wall St 98, Los Angeles IL 35038"
Emily Davis,32,"Main St 95, Philadelphia CA 82756"
Olivia Johnson,97,"Wall St 54, Houston NY 38049"
Olivia Williams,88,"5th Ave 96, Los Angeles PA 81913"
John Davis,95,"Park Ave 4, Los Angeles TX 59972"
John Brown,90,"Broadway 99, Houston IL 16213"
Emily Williams,24,"Main St 43, Philadelphia PA 71663"
William Johnson,61,"Broadway 12, Houston TX 37522"
Sarah Smith,32,"Wall St 14, Chicago TX 41340"
Emily Smith,29,"Broadway 82, Philadelphia IL 32469"
